agent,src,dst,dist_km,astar_nom_min,astar_flood_min,sac_time_min,reached_by_policy,used_fallback,total_steps,improvement_vs_flood_pct
0,Goregaon East,Goregaon West,1.56,4.89937672834077,12.121852468066743,21.05084978108426,False,True,60,-73.66033645880168
1,Goregaon East,Aarey Colony,0.87,2.134441951922384,2.134441951922384,15.87541093090635,False,True,38,-643.7733744226762
2,Goregaon East,Film City,3.93,9.357162963298018,9.357162963298018,23.098131942281984,False,True,59,-146.84973461380042
3,Goregaon East,Oberoi Mall,0.69,1.662239158131756,1.662239158131756,26.511112762098154,False,True,48,-1494.9036354007474
4,Goregaon East,Goregaon Railway Station,0.73,4.238074275476124,9.56264060230062,21.528952824250037,False,True,34,-125.13606564980088
5,Goregaon East,Nesco IT Park,1.82,5.171278408755658,5.518894203911026,23.568516182501035,False,True,60,-327.05142210914175
6,Goregaon East,Royal Palms Estate,4.25,8.891409794293894,8.891409794293894,33.561702873793514,False,True,60,-277.46210837489355
7,Goregaon East,Bangur Nagar,2.24,5.005381866496509,12.69867634709676,46.626356639866664,False,True,60,-267.17493513035816
8,Goregaon East,Motilal Nagar,1.92,5.733005393121652,11.409178011118334,23.37549023306775,False,True,50,-104.8832107824784
